AdaBoost_Easy_Tomek_0_v1, 150771, 0, 26621, 0, 0.4987690878266962, 0.6594920008057025
AdaBoost_Easy_Tomek_0_v1_Linear_Transform, 150046, 725, 26209, 412, 0.4987690878266962, 0.6594919309196219
AdaBoost_Easy_Tomek_0_v2, 150771, 0, 26621, 0, 0.4990020056591282, 0.6575539151597397
AdaBoost_Easy_Tomek_0_v2_Linear_Transform, 150468, 303, 26427, 194, 0.4990020056591282, 0.6575536766003023
AdaBoost_Hard_Tomek_0_v1, 148522, 2249, 24009, 2612, 0.49835675316330663, 0.7540418891900204
AdaBoost_Hard_Tomek_0_v1_Linear_Transform, 142185, 8586, 19754, 6867, 0.49835675316330663, 0.7540418047287678
AdaBoost_Hard_Tomek_0_v2, 148540, 2231, 24116, 2505, 0.49833748424465124, 0.7517838583400067
AdaBoost_Hard_Tomek_0_v2_Linear_Transform, 142066, 8705, 19799, 6822, 0.49833748424465124, 0.7517839565044123
AdaBoost_Hard_Tomek_1_v1, 147836, 2935, 23461, 3160, 0.49853403258816203, 0.7543149023405769
AdaBoost_Hard_Tomek_1_v1_Linear_Transform, 141730, 9041, 19485, 7136, 0.49853403258816203, 0.7543146990356151
AdaBoost_Hard_Tomek_1_v2, 147698, 3073, 23483, 3138, 0.4986526377300668, 0.751655269072845
AdaBoost_Hard_Tomek_1_v2_Linear_Transform, 142311, 8460, 19934, 6687, 0.4986526377300668, 0.7516555060128188
AdaBoost_Hard_Tomek_2_v1, 147618, 3153, 23303, 3318, 0.49858115961107335, 0.7541690645409345
AdaBoost_Hard_Tomek_2_v1_Linear_Transform, 141628, 9143, 19414, 7207, 0.49858115961107335, 0.7541688231162923
AdaBoost_Hard_Tomek_2_v2, 147572, 3199, 23363, 3258, 0.49870169849067103, 0.7517088835312168
AdaBoost_Hard_Tomek_2_v2_Linear_Transform, 142340, 8431, 19940, 6681, 0.49870169849067103, 0.7517089228966383
AdaBoost_Medium_Tomek_0_v1, 149596, 1175, 25440, 1181, 0.49832079920590994, 0.7013283686590541
AdaBoost_Medium_Tomek_0_v1_Linear_Transform, 144721, 6050, 22271, 4350, 0.49832079920590994, 0.7013285210132013
AdaBoost_Medium_Tomek_0_v2, 149663, 1108, 25463, 1158, 0.4982118032645119, 0.705260366471978
AdaBoost_Medium_Tomek_0_v2_Linear_Transform, 144251, 6520, 21822, 4799, 0.4982118032645119, 0.7052600846853214
AdaBoost_Medium_Tomek_1_v1, 149290, 1481, 25150, 1471, 0.49849102953369184, 0.7013474293712403
AdaBoost_Medium_Tomek_1_v1_Linear_Transform, 144877, 5894, 22335, 4286, 0.49849102953369184, 0.7013475979200229
AdaBoost_Medium_Tomek_1_v2, 149270, 1501, 25107, 1514, 0.49840642513493194, 0.7053526011494936
AdaBoost_Medium_Tomek_1_v2_Linear_Transform, 144439, 6332, 21908, 4713, 0.49840642513493194, 0.7053521417201437
AdaBoost_Medium_Tomek_2_v1, 149161, 1610, 25059, 1562, 0.49853238384725956, 0.7014082109523855
AdaBoost_Medium_Tomek_2_v1_Linear_Transform, 144772, 5999, 22296, 4325, 0.49853238384725956, 0.7014083643031257
AdaBoost_Medium_Tomek_2_v2, 149276, 1495, 25096, 1525, 0.4984206867100917, 0.7053205646725252
AdaBoost_Medium_Tomek_2_v2_Linear_Transform, 144432, 6339, 21933, 4688, 0.4984206867100917, 0.705320443711056
Awful, 288, 312, 40, 60, 0.5, 0.5624
BRFC_Easy_Tomek_0_alpha_0_5_v1, 90149, 60622, 9545, 17076, 0.867894502747253, 0.6663671218448749
BRFC_Easy_Tomek_0_alpha_0_5_v1_Linear_Transform, 148586, 2185, 25094, 1527, 0.867894502747253, 0.6663671283227292
BRFC_Easy_Tomek_0_alpha_0_5_v2, 89799, 60972, 9603, 17018, 0.856791746031746, 0.663940968753988
BRFC_Easy_Tomek_0_alpha_0_5_v2_Linear_Transform, 148287, 2484, 24965, 1656, 0.856791746031746, 0.6639409716191926
BRFC_Easy_Tomek_0_alpha_balanced_v1, 31649, 119122, 2605, 24016, 0.9805096727930325, 0.6489168529150025
BRFC_Easy_Tomek_0_alpha_balanced_v1_Linear_Transform, 150326, 445, 26249, 372, 0.9805096727930325, 0.6489168530395766
BRFC_Easy_Tomek_0_alpha_balanced_v2, 32055, 118716, 2701, 23920, 0.9797533874521942, 0.6462318249640172
BRFC_Easy_Tomek_0_alpha_balanced_v2_Linear_Transform, 150328, 443, 26227, 394, 0.9797533874521942, 0.6462318249640172
BRFC_Easy_Tomek_0_alpha_target_v1, 57728, 93043, 5011, 21610, 0.9139416191112809, 0.6627030305156579
BRFC_Easy_Tomek_0_alpha_target_v1_Linear_Transform, 148791, 1980, 25226, 1395, 0.9139416191112809, 0.6627030325088439
BRFC_Easy_Tomek_0_alpha_target_v2, 57703, 93068, 5034, 21587, 0.9132939573123471, 0.6602635090023665
BRFC_Easy_Tomek_0_alpha_target_v2_Linear_Transform, 148820, 1951, 25309, 1312, 0.9132939573123471, 0.6602635060125877
BRFC_Hard_Tomek_0_alpha_0_5_v1, 110084, 40687, 7537, 19084, 0.6973999999999999, 0.7993491222044552
BRFC_Hard_Tomek_0_alpha_0_5_v1_Linear_Transform, 141080, 9691, 16351, 10270, 0.6973999999999999, 0.7993489627495832
BRFC_Hard_Tomek_0_alpha_0_5_v2, 109900, 40871, 7582, 19039, 0.7045, 0.7966942325945909
BRFC_Hard_Tomek_0_alpha_0_5_v2_Linear_Transform, 141707, 9064, 16906, 9715, 0.7045, 0.7966941818929247
BRFC_Hard_Tomek_0_alpha_balanced_v1, 113566, 37205, 8167, 18454, 0.688, 0.7986223810876759
BRFC_Hard_Tomek_0_alpha_balanced_v1_Linear_Transform, 140639, 10132, 16259, 10362, 0.688, 0.7986223518127581
BRFC_Hard_Tomek_0_alpha_balanced_v2, 113252, 37519, 8284, 18337, 0.695, 0.7961433242337645
BRFC_Hard_Tomek_0_alpha_balanced_v2_Linear_Transform, 141398, 9373, 16900, 9721, 0.695, 0.796143066739061
BRFC_Hard_Tomek_0_alpha_target_v1, 112942, 37829, 8014, 18607, 0.6852700000000033, 0.7994563618345729
BRFC_Hard_Tomek_0_alpha_target_v1_Linear_Transform, 140912, 9859, 16329, 10292, 0.6852700000000033, 0.7994564562617549
BRFC_Hard_Tomek_0_alpha_target_v2, 112789, 37982, 8105, 18516, 0.695, 0.7977025066104813
BRFC_Hard_Tomek_0_alpha_target_v2_Linear_Transform, 141675, 9096, 16900, 9721, 0.695, 0.7977024332363254
BRFC_Hard_Tomek_1_alpha_0_5_v1, 109314, 41457, 7424, 19197, 0.7045, 0.7997752201294378
BRFC_Hard_Tomek_1_alpha_0_5_v1_Linear_Transform, 140989, 9782, 16293, 10328, 0.7045, 0.7997750919426696
BRFC_Hard_Tomek_1_alpha_0_5_v2, 109483, 41288, 7446, 19175, 0.7045, 0.7977193616133211
BRFC_Hard_Tomek_1_alpha_0_5_v2_Linear_Transform, 140904, 9867, 16479, 10142, 0.7045, 0.7977190471882454
BRFC_Hard_Tomek_1_alpha_balanced_v1, 113270, 37501, 8209, 18412, 0.7045, 0.7978287657187522
BRFC_Hard_Tomek_1_alpha_balanced_v1_Linear_Transform, 141690, 9081, 16842, 9779, 0.7045, 0.7978286078833436
BRFC_Hard_Tomek_1_alpha_balanced_v2, 113536, 37235, 8339, 18282, 0.695, 0.796734453217438
BRFC_Hard_Tomek_1_alpha_balanced_v2_Linear_Transform, 140799, 9972, 16503, 10118, 0.695, 0.7967343301382088
BRFC_Hard_Tomek_1_alpha_target_v1, 112644, 38127, 7927, 18694, 0.695, 0.7993608425112687
BRFC_Hard_Tomek_1_alpha_target_v1_Linear_Transform, 140854, 9917, 16329, 10292, 0.695, 0.7993606157863725
BRFC_Hard_Tomek_1_alpha_target_v2, 112180, 38591, 7931, 18690, 0.695, 0.798094936012966
BRFC_Hard_Tomek_1_alpha_target_v2_Linear_Transform, 140758, 10013, 16441, 10180, 0.695, 0.7980948531711771
BRFC_Hard_Tomek_2_alpha_0_5_v1, 109367, 41404, 7354, 19267, 0.7045, 0.8002154139896782
BRFC_Hard_Tomek_2_alpha_0_5_v1_Linear_Transform, 140914, 9857, 16224, 10397, 0.7045, 0.800215015227924
BRFC_Hard_Tomek_2_alpha_0_5_v2, 109183, 41588, 7366, 19255, 0.7045, 0.7981612684922683
BRFC_Hard_Tomek_2_alpha_0_5_v2_Linear_Transform, 140751, 10020, 16353, 10268, 0.7045, 0.7981612020942631
BRFC_Hard_Tomek_2_alpha_balanced_v1, 113789, 36982, 8262, 18359, 0.695, 0.7983577207563551
BRFC_Hard_Tomek_2_alpha_balanced_v1_Linear_Transform, 140811, 9960, 16444, 10177, 0.695, 0.7983575978016999
BRFC_Hard_Tomek_2_alpha_balanced_v2, 112415, 38356, 8114, 18507, 0.7045, 0.7970050237186743
BRFC_Hard_Tomek_2_alpha_balanced_v2_Linear_Transform, 141219, 9552, 16767, 9854, 0.7045, 0.7970048144341548
BRFC_Hard_Tomek_2_alpha_target_v1, 112270, 38501, 7874, 18747, 0.695, 0.7997407006411347
BRFC_Hard_Tomek_2_alpha_target_v1_Linear_Transform, 140639, 10132, 16228, 10393, 0.695, 0.7997402830686887
BRFC_Hard_Tomek_2_alpha_target_v2, 112101, 38670, 7986, 18635, 0.7045, 0.7972720020006225
BRFC_Hard_Tomek_2_alpha_target_v2_Linear_Transform, 141477, 9294, 16860, 9761, 0.7045, 0.7972720351373381
BRFC_Medium_Tomek_0_alpha_0_5_v1, 102142, 48629, 9229, 17392, 0.7637247023809524, 0.7257991641555496
BRFC_Medium_Tomek_0_alpha_0_5_v1_Linear_Transform, 142640, 8131, 20560, 6061, 0.7637247023809524, 0.7257988811231517
BRFC_Medium_Tomek_0_alpha_0_5_v2, 102582, 48189, 9066, 17555, 0.7634689393939394, 0.7291407677229522
BRFC_Medium_Tomek_0_alpha_0_5_v2_Linear_Transform, 142776, 7995, 20378, 6243, 0.7634689393939394, 0.7291409738931188
BRFC_Medium_Tomek_0_alpha_balanced_v1, 103145, 47626, 9404, 17217, 0.7732, 0.7243733575573588
BRFC_Medium_Tomek_0_alpha_balanced_v1_Linear_Transform, 142514, 8257, 20765, 5856, 0.7732, 0.724373318067363
BRFC_Medium_Tomek_0_alpha_balanced_v2, 103483, 47288, 9367, 17254, 0.7638, 0.7275340714070324
BRFC_Medium_Tomek_0_alpha_balanced_v2_Linear_Transform, 141873, 8898, 20183, 6438, 0.7638, 0.7275336144691649
BRFC_Medium_Tomek_0_alpha_target_v1, 103447, 47324, 9378, 17243, 0.7732, 0.7259715047252318
BRFC_Medium_Tomek_0_alpha_target_v1_Linear_Transform, 143249, 7522, 20893, 5728, 0.7732, 0.7259713050329194
BRFC_Medium_Tomek_0_alpha_target_v2, 103227, 47544, 9323, 17298, 0.7638, 0.7279584605488283
BRFC_Medium_Tomek_0_alpha_target_v2_Linear_Transform, 142542, 8229, 20451, 6170, 0.7638, 0.7279572300056834
BRFC_Medium_Tomek_1_alpha_0_5_v1, 101999, 48772, 9160, 17461, 0.78225, 0.7258088235081426
BRFC_Medium_Tomek_1_alpha_0_5_v1_Linear_Transform, 143808, 6963, 21053, 5568, 0.78225, 0.7258079756566904
BRFC_Medium_Tomek_1_alpha_0_5_v2, 102154, 48617, 9010, 17611, 0.76265, 0.7283978987424644
BRFC_Medium_Tomek_1_alpha_0_5_v2_Linear_Transform, 142217, 8554, 20157, 6464, 0.76265, 0.7283984374009538
BRFC_Medium_Tomek_1_alpha_balanced_v1, 102668, 48103, 9283, 17338, 0.792, 0.7247760594662489
BRFC_Medium_Tomek_1_alpha_balanced_v1_Linear_Transform, 143632, 7139, 21237, 5384, 0.792, 0.724776147664725
BRFC_Medium_Tomek_1_alpha_balanced_v2, 102825, 47946, 9296, 17325, 0.7821531234226436, 0.7270459748117645
BRFC_Medium_Tomek_1_alpha_balanced_v2_Linear_Transform, 142965, 7806, 20783, 5838, 0.7821531234226436, 0.7270458726609871
BRFC_Medium_Tomek_1_alpha_target_v1, 103110, 47661, 9311, 17310, 0.78218, 0.7255626400101134
BRFC_Medium_Tomek_1_alpha_target_v1_Linear_Transform, 143492, 7279, 21057, 5564, 0.78218, 0.7255615504848708
BRFC_Medium_Tomek_1_alpha_target_v2, 103152, 47619, 9269, 17352, 0.7724666666666666, 0.728266213933026
BRFC_Medium_Tomek_1_alpha_target_v2_Linear_Transform, 142859, 7912, 20551, 6070, 0.7724666666666666, 0.7282658977639128
BRFC_Medium_Tomek_2_alpha_0_5_v1, 101611, 49160, 9153, 17468, 0.7722558333333334, 0.7253008228339046
BRFC_Medium_Tomek_2_alpha_0_5_v1_Linear_Transform, 142847, 7924, 20558, 6063, 0.7722558333333334, 0.7253011300336814
BRFC_Medium_Tomek_2_alpha_0_5_v2, 101984, 48787, 9039, 17582, 0.7721, 0.7292941286781995
BRFC_Medium_Tomek_2_alpha_0_5_v2_Linear_Transform, 142951, 7820, 20491, 6130, 0.7721, 0.729294433386494
BRFC_Medium_Tomek_2_alpha_balanced_v1, 102859, 47912, 9404, 17217, 0.7826000000000001, 0.7244903879657648
BRFC_Medium_Tomek_2_alpha_balanced_v1_Linear_Transform, 142786, 7985, 20866, 5755, 0.7826000000000001, 0.7244905482926556
BRFC_Medium_Tomek_2_alpha_balanced_v2, 103019, 47752, 9373, 17248, 0.7728628960916899, 0.7264317707149284
BRFC_Medium_Tomek_2_alpha_balanced_v2_Linear_Transform, 142215, 8556, 20413, 6208, 0.7728628960916899, 0.7264317375782128
BRFC_Medium_Tomek_2_alpha_target_v1, 102799, 47972, 9331, 17290, 0.7820400000000001, 0.7251992023685608
BRFC_Medium_Tomek_2_alpha_target_v1_Linear_Transform, 143424, 7347, 20976, 5645, 0.7820400000000001, 0.7251979682127665
BRFC_Medium_Tomek_2_alpha_target_v2, 103109, 47662, 9228, 17393, 0.7712933333333334, 0.7281937899038915
BRFC_Medium_Tomek_2_alpha_target_v2_Linear_Transform, 142716, 8055, 20481, 6140, 0.7712933333333334, 0.728194326320047
Bagging_Easy_Tomek_0_v1, 96136, 54635, 10894, 15727, 0.89, 0.6571552097131528
Bagging_Easy_Tomek_0_v1_Linear_Transform, 148950, 1821, 25391, 1230, 0.89, 0.6571551765764373
Bagging_Easy_Tomek_0_v2, 96262, 54509, 11026, 15595, 0.88, 0.6548513755757348
Bagging_Easy_Tomek_0_v2_Linear_Transform, 148805, 1966, 25325, 1296, 0.88, 0.6548511865967968
Bagging_Hard_Tomek_0_v1, 125718, 25053, 12259, 14362, 0.71, 0.7630073213373105
Bagging_Hard_Tomek_0_v1_Linear_Transform, 143568, 7203, 19244, 7377, 0.71, 0.7630073263202755
Bagging_Hard_Tomek_0_v2, 125622, 25149, 12430, 14191, 0.72, 0.7610155421284106
Bagging_Hard_Tomek_0_v2_Linear_Transform, 143479, 7292, 19145, 7476, 0.72, 0.7610155432495777
Bagging_Hard_Tomek_1_v1, 124797, 25974, 11839, 14782, 0.72, 0.7668966611101801
Bagging_Hard_Tomek_1_v1_Linear_Transform, 142748, 8023, 18576, 8045, 0.72, 0.7668962764253016
Bagging_Hard_Tomek_1_v2, 124686, 26085, 12071, 14550, 0.72, 0.7638302615783601
Bagging_Hard_Tomek_1_v2_Linear_Transform, 142739, 8032, 18748, 7873, 0.72, 0.7638302410236307
Bagging_Hard_Tomek_2_v1, 124475, 26296, 11876, 14745, 0.73, 0.7663723408526648
Bagging_Hard_Tomek_2_v1_Linear_Transform, 142714, 8057, 18425, 8196, 0.73, 0.7663723425967024
Bagging_Hard_Tomek_2_v2, 124426, 26345, 11997, 14624, 0.73, 0.763614265752803
Bagging_Hard_Tomek_2_v2_Linear_Transform, 142515, 8256, 18623, 7998, 0.73, 0.7636140476235211
Bagging_Medium_Tomek_0_v1, 118485, 32286, 13935, 12686, 0.81, 0.6894646495040361
Bagging_Medium_Tomek_0_v1_Linear_Transform, 146040, 4731, 23268, 3353, 0.81, 0.689466222127711
Bagging_Medium_Tomek_0_v2, 118664, 32107, 13772, 12849, 0.79, 0.6940389241914543
Bagging_Medium_Tomek_0_v2_Linear_Transform, 141963, 8808, 20915, 5706, 0.79, 0.6940366691507569
Bagging_Medium_Tomek_1_v1, 118000, 32771, 13791, 12830, 0.81, 0.6940125503556275
Bagging_Medium_Tomek_1_v1_Linear_Transform, 145800, 4971, 23115, 3506, 0.81, 0.6940091138539878
Bagging_Medium_Tomek_1_v2, 118445, 32326, 13617, 13004, 0.8, 0.6952577612310096
Bagging_Medium_Tomek_1_v2_Linear_Transform, 145903, 4868, 23094, 3527, 0.8, 0.6952539852648965
Bagging_Medium_Tomek_2_v1, 117894, 32877, 13810, 12811, 0.82, 0.6916190268390879
Bagging_Medium_Tomek_2_v1_Linear_Transform, 145906, 4865, 23038, 3583, 0.82, 0.6916200098534591
Bagging_Medium_Tomek_2_v2, 118157, 32614, 13541, 13080, 0.8, 0.6953870346592312
Bagging_Medium_Tomek_2_v2_Linear_Transform, 145676, 5095, 22882, 3739, 0.8, 0.6953876069527328
EEC_Easy_Tomek_0_v1, 89547, 61224, 9756, 16865, 0.5327034748258547, 0.6573685597090021
EEC_Easy_Tomek_0_v1_Linear_Transform, 150426, 345, 26419, 202, 0.5327034748258547, 0.6573685597090021
EEC_Easy_Tomek_0_v2, 90637, 60134, 10060, 16561, 0.5326221667385151, 0.6547591340466428
EEC_Easy_Tomek_0_v2_Linear_Transform, 150231, 540, 26299, 322, 0.5326221667385151, 0.6547591340466428
EEC_Hard_Tomek_0_v1, 102695, 48076, 8961, 17660, 0.5261947744068339, 0.7329287051597599
EEC_Hard_Tomek_0_v1_Linear_Transform, 141634, 9137, 19999, 6622, 0.5261947744068339, 0.7329287051597599
EEC_Hard_Tomek_0_v2, 100527, 50244, 8716, 17905, 0.5287658130837624, 0.7308552428257757
EEC_Hard_Tomek_0_v2_Linear_Transform, 143476, 7295, 21221, 5400, 0.5287658130837624, 0.7308556191641885
EEC_Hard_Tomek_1_v1, 101904, 48867, 8795, 17826, 0.5283863587123696, 0.7332307268887546
EEC_Hard_Tomek_1_v1_Linear_Transform, 143348, 7423, 20981, 5640, 0.5283863587123696, 0.7332308834784218
EEC_Hard_Tomek_1_v2, 99255, 51516, 8508, 18113, 0.5306625666948291, 0.72973692638667
EEC_Hard_Tomek_1_v2_Linear_Transform, 143894, 6877, 21428, 5193, 0.5306625666948291, 0.72973692638667
EEC_Hard_Tomek_2_v1, 100334, 50437, 8598, 18023, 0.5291706888466893, 0.7328945952711594
EEC_Hard_Tomek_2_v1_Linear_Transform, 143472, 7299, 21029, 5592, 0.5291706888466893, 0.732894604240496
EEC_Hard_Tomek_2_v2, 99612, 51159, 8555, 18066, 0.530834410638265, 0.7300717260577877
EEC_Hard_Tomek_2_v2_Linear_Transform, 143894, 6877, 21428, 5193, 0.530834410638265, 0.7300717260577877
EEC_Medium_Tomek_0_v1, 101579, 49192, 10740, 15881, 0.5269892736325696, 0.6885431438533307
EEC_Medium_Tomek_0_v1_Linear_Transform, 144854, 5917, 22489, 4132, 0.5269892736325696, 0.6885431438533307
EEC_Medium_Tomek_0_v2, 102767, 48004, 10873, 15748, 0.5250568554324387, 0.6920866292477855
EEC_Medium_Tomek_0_v2_Linear_Transform, 144716, 6055, 22254, 4367, 0.5250568554324387, 0.6920866292477855
EEC_Medium_Tomek_1_v1, 101413, 49358, 10699, 15922, 0.5280604135934076, 0.6886321419706672
EEC_Medium_Tomek_1_v1_Linear_Transform, 144897, 5874, 22492, 4129, 0.5280604135934076, 0.6886321419706672
EEC_Medium_Tomek_1_v2, 100876, 49895, 10585, 16036, 0.5260450855770653, 0.6912922325499888
EEC_Medium_Tomek_1_v2_Linear_Transform, 144468, 6303, 22159, 4462, 0.5260450855770653, 0.6912922325499888
EEC_Medium_Tomek_2_v1, 99646, 51125, 10414, 16207, 0.5279412139324006, 0.6879497175983335
EEC_Medium_Tomek_2_v1_Linear_Transform, 144835, 5936, 22465, 4156, 0.5279412139324006, 0.6879497175983335
EEC_Medium_Tomek_2_v2, 101551, 49220, 10643, 15978, 0.5270371761920583, 0.690767780493056
EEC_Medium_Tomek_2_v2_Linear_Transform, 144597, 6174, 22210, 4411, 0.5270371761920583, 0.690767780493056
Ideal, 117929, 32842, 5928, 20693, 0.5, 0.8398081211159092
Ideal_Left, 150771, 0, 26621, 0, 0.5, 0.8398081211159092
Ideal_Left_Linear_Transform, 118207, 32564, 5984, 20637, 0.5, 0.8398322865017591
Ideal_Left_Shifted, 117616, 33155, 5853, 20768, 0.5, 0.8398081211159092
Ideal_Right, 0, 150771, 0, 26621, 0.5, 0.8398081211159092
Ideal_Right_Linear_Transform, 118207, 32564, 5984, 20637, 0.5, 0.8398322865017591
Ideal_Right_Shifted, 117616, 33155, 5853, 20768, 0.5, 0.8398081211159092
Ideal_Shift_to_FP_equals_r_TP, 136348, 14423, 12017, 14604, 0.5, 0.8398081211159092
Ideal_Tight, 117929, 32842, 5928, 20693, 0.5, 0.8398081211159092
KBFC_Easy_Tomek_0_alpha_0_5_gamma_0_0_v1, 146506, 4265, 24397, 2224, 0.5455647482872026, 0.6636492342311447
KBFC_Easy_Tomek_0_alpha_0_5_gamma_0_0_v1_Linear_Transform, 148973, 1798, 25564, 1057, 0.5455647482872026, 0.6636491953640198
KBFC_Easy_Tomek_0_alpha_0_5_gamma_0_0_v2, 147697, 3074, 24982, 1639, 0.5224391134977343, 0.6618535921138111
KBFC_Easy_Tomek_0_alpha_0_5_gamma_0_0_v2_Linear_Transform, 148838, 1933, 25555, 1066, 0.5224391134977343, 0.6618531453910212
KBFC_Easy_Tomek_0_alpha_balanced_gamma_0_0_v1, 28299, 122472, 1613, 25008, 0.8924520292878153, 0.6630176068243392
KBFC_Easy_Tomek_0_alpha_balanced_gamma_0_0_v1_Linear_Transform, 150366, 405, 26374, 247, 0.8924520292878153, 0.6630173392391322
KBFC_Easy_Tomek_0_alpha_balanced_gamma_0_0_v2, 35066, 115705, 2324, 24297, 0.8954951721727847, 0.6614211244649891
KBFC_Easy_Tomek_0_alpha_balanced_gamma_0_0_v2_Linear_Transform, 150407, 364, 26416, 205, 0.8954951721727847, 0.6614205455690594
KBFC_Easy_Tomek_0_alpha_target_gamma_0_0_v1, 116148, 34623, 14904, 11717, 0.7107169579714537, 0.6633109464847023
KBFC_Easy_Tomek_0_alpha_target_gamma_0_0_v1_Linear_Transform, 149483, 1288, 25865, 756, 0.7107169579714537, 0.6633106988313543
KBFC_Easy_Tomek_0_alpha_target_gamma_0_0_v2, 119701, 31070, 15756, 10865, 0.6979359848052263, 0.6613510309684679
KBFC_Easy_Tomek_0_alpha_target_gamma_0_0_v2_Linear_Transform, 149183, 1588, 25748, 873, 0.6979359848052263, 0.6613505559673531
KBFC_Easy_Tomek_0_alpha_target_gamma_0_5_v1, 115900, 34871, 14858, 11763, 0.654611521810294, 0.6637029595604822
KBFC_Easy_Tomek_0_alpha_target_gamma_0_5_v1_Linear_Transform, 149045, 1726, 25642, 979, 0.654611521810294, 0.6637029111011501
KBFC_Easy_Tomek_0_alpha_target_gamma_0_5_v2, 119367, 31404, 15717, 10904, 0.6580440697073937, 0.6612886365262073
KBFC_Easy_Tomek_0_alpha_target_gamma_0_5_v2_Linear_Transform, 149340, 1431, 25826, 795, 0.6580440697073937, 0.6612882184554648
KBFC_Easy_Tomek_0_alpha_target_gamma_1_0_v1, 116549, 34222, 14946, 11675, 0.6271750242710119, 0.6636686320408962
KBFC_Easy_Tomek_0_alpha_target_gamma_1_0_v1_Linear_Transform, 149450, 1321, 25827, 794, 0.6271750242710119, 0.663668815413999
KBFC_Easy_Tomek_0_alpha_target_gamma_1_0_v2, 120064, 30707, 15834, 10787, 0.6179364698231221, 0.6616188964672899
KBFC_Easy_Tomek_0_alpha_target_gamma_1_0_v2_Linear_Transform, 149302, 1469, 25770, 851, 0.6179364698231221, 0.6616180653087695
KBFC_Easy_Tomek_0_alpha_target_gamma_2_0_v1, 115681, 35090, 14723, 11898, 0.5847621040344244, 0.6639852801417463
KBFC_Easy_Tomek_0_alpha_target_gamma_2_0_v1_Linear_Transform, 149444, 1327, 25798, 823, 0.5847621040344244, 0.6639847862053655
KBFC_Easy_Tomek_0_alpha_target_gamma_2_0_v2, 120652, 30119, 16008, 10613, 0.5830365107059481, 0.6615522209108645
KBFC_Easy_Tomek_0_alpha_target_gamma_2_0_v2_Linear_Transform, 149538, 1233, 25902, 719, 0.5830365107059481, 0.6615519569383069
KBFC_Easy_Tomek_0_alpha_target_gamma_5_0_v1, 117281, 33490, 15216, 11405, 0.5400999742746355, 0.6636401783155831
KBFC_Easy_Tomek_0_alpha_target_gamma_5_0_v1_Linear_Transform, 148988, 1783, 25655, 966, 0.5400999742746355, 0.6636399560753552
KBFC_Easy_Tomek_0_alpha_target_gamma_5_0_v2, 121678, 29093, 16309, 10312, 0.5378402652740479, 0.6609754067391754
KBFC_Easy_Tomek_0_alpha_target_gamma_5_0_v2_Linear_Transform, 149629, 1142, 25956, 665, 0.5378402652740479, 0.6609752733202943
KBFC_Hard_Tomek_0_alpha_0_5_gamma_0_0_v1, 139948, 10823, 17330, 9291, 0.5271180195184424, 0.7752780870481841
KBFC_Hard_Tomek_0_alpha_0_5_gamma_0_0_v1_Linear_Transform, 141736, 9035, 18113, 8508, 0.5271180195184424, 0.775277707097122
KBFC_Hard_Tomek_0_alpha_0_5_gamma_0_0_v2, 137207, 13564, 16142, 10479, 0.569466137504205, 0.7752424235957487
KBFC_Hard_Tomek_0_alpha_0_5_gamma_0_0_v2_Linear_Transform, 141811, 8960, 18282, 8339, 0.569466137504205, 0.775242275975418
KBFC_Hard_Tomek_0_alpha_balanced_gamma_0_0_v1, 70099, 80672, 3288, 23333, 0.8679397631846368, 0.7740297686714099
KBFC_Hard_Tomek_0_alpha_balanced_gamma_0_0_v1_Linear_Transform, 141975, 8796, 18339, 8282, 0.8679397631846368, 0.7740296536894984
KBFC_Hard_Tomek_0_alpha_balanced_gamma_0_0_v2, 71571, 79200, 3374, 23247, 0.8836494141397998, 0.7743241556263893
KBFC_Hard_Tomek_0_alpha_balanced_gamma_0_0_v2_Linear_Transform, 141026, 9745, 18098, 8523, 0.8836494141397998, 0.7743242030891286
KBFC_Hard_Tomek_0_alpha_target_gamma_0_0_v1, 119521, 31250, 10809, 15812, 0.6964996130261571, 0.774476974310498
KBFC_Hard_Tomek_0_alpha_target_gamma_0_0_v1_Linear_Transform, 142029, 8742, 18346, 8275, 0.6964996130261571, 0.7744767222970557
KBFC_Hard_Tomek_0_alpha_target_gamma_0_0_v2, 116173, 34598, 9972, 16649, 0.7326732871821151, 0.7750102198053246
KBFC_Hard_Tomek_0_alpha_target_gamma_0_0_v2_Linear_Transform, 141542, 9229, 18137, 8484, 0.7326732871821151, 0.7750101661138793
KBFC_Hard_Tomek_0_alpha_target_gamma_0_5_v1, 119047, 31724, 10750, 15871, 0.6548250257316978, 0.7739916684246378
KBFC_Hard_Tomek_0_alpha_target_gamma_0_5_v1_Linear_Transform, 142202, 8569, 18492, 8129, 0.6548250257316978, 0.7739916161035081
KBFC_Hard_Tomek_0_alpha_target_gamma_0_5_v2, 118728, 32043, 10471, 16150, 0.6642626374214887, 0.7755365752302177
KBFC_Hard_Tomek_0_alpha_target_gamma_0_5_v2_Linear_Transform, 141375, 9396, 18097, 8524, 0.6642626374214887, 0.7755367873799419
KBFC_Hard_Tomek_0_alpha_target_gamma_1_0_v1, 118824, 31947, 10618, 16003, 0.614583779182285, 0.7752923093015984
KBFC_Hard_Tomek_0_alpha_target_gamma_1_0_v1_Linear_Transform, 141630, 9141, 18242, 8379, 0.614583779182285, 0.7752922341834048
KBFC_Hard_Tomek_0_alpha_target_gamma_1_0_v2, 117270, 33501, 10186, 16435, 0.6328391404077416, 0.7747810845245932
KBFC_Hard_Tomek_0_alpha_target_gamma_1_0_v2_Linear_Transform, 141659, 9112, 18194, 8427, 0.6328391404077416, 0.7747809314230013
KBFC_Hard_Tomek_0_alpha_target_gamma_2_0_v1, 117043, 33728, 10227, 16394, 0.5849950362294916, 0.7742526418603404
KBFC_Hard_Tomek_0_alpha_target_gamma_2_0_v1_Linear_Transform, 142496, 8275, 18602, 8019, 0.5849950362294916, 0.7742522944231234
KBFC_Hard_Tomek_0_alpha_target_gamma_2_0_v2, 116798, 33973, 10101, 16520, 0.5939070008918647, 0.7749569554002265
KBFC_Hard_Tomek_0_alpha_target_gamma_2_0_v2_Linear_Transform, 142209, 8562, 18611, 8010, 0.5939070008918647, 0.7749568932377411
KBFC_Hard_Tomek_0_alpha_target_gamma_5_0_v1, 117906, 32865, 10516, 16105, 0.5430031098276378, 0.7731146733557068
KBFC_Hard_Tomek_0_alpha_target_gamma_5_0_v1_Linear_Transform, 143657, 7114, 19351, 7270, 0.5430031098276378, 0.7731143220566921
KBFC_Hard_Tomek_0_alpha_target_gamma_5_0_v2, 116299, 34472, 10095, 16526, 0.5488854433447123, 0.7731237021141107
KBFC_Hard_Tomek_0_alpha_target_gamma_5_0_v2_Linear_Transform, 142954, 7817, 19051, 7570, 0.5488854433447123, 0.7731236010845006
KBFC_Hard_Tomek_1_alpha_0_5_gamma_0_0_v1, 138437, 12334, 16527, 10094, 0.54439947322011, 0.775843261886237
KBFC_Hard_Tomek_1_alpha_0_5_gamma_0_0_v1_Linear_Transform, 141436, 9335, 17916, 8705, 0.54439947322011, 0.7758433727572025
KBFC_Hard_Tomek_1_alpha_0_5_gamma_0_0_v2, 138807, 11964, 16942, 9679, 0.5439140566636342, 0.7745286745629613
KBFC_Hard_Tomek_1_alpha_0_5_gamma_0_0_v2_Linear_Transform, 141667, 9104, 18263, 8358, 0.5439140566636342, 0.7745285239528517
KBFC_Hard_Tomek_1_alpha_balanced_gamma_0_0_v1, 78901, 71870, 4139, 22482, 0.861790073607117, 0.7741510323575191
KBFC_Hard_Tomek_1_alpha_balanced_gamma_0_0_v1_Linear_Transform, 141253, 9518, 18104, 8517, 0.861790073607117, 0.7741510451886535
KBFC_Hard_Tomek_1_alpha_balanced_gamma_0_0_v2, 75990, 74781, 3808, 22813, 0.8726006017774344, 0.7738707480648
KBFC_Hard_Tomek_1_alpha_balanced_gamma_0_0_v2_Linear_Transform, 142187, 8584, 18695, 7926, 0.8726006017774344, 0.7738705538537489
KBFC_Hard_Tomek_1_alpha_target_gamma_0_0_v1, 118755, 32016, 10545, 16076, 0.7147366328658539, 0.7757988234328774
KBFC_Hard_Tomek_1_alpha_target_gamma_0_0_v1_Linear_Transform, 141822, 8949, 18199, 8422, 0.7147366328658539, 0.7757988960595885
KBFC_Hard_Tomek_1_alpha_target_gamma_0_0_v2, 119280, 31491, 10875, 15746, 0.713068667146843, 0.7734476020481351
KBFC_Hard_Tomek_1_alpha_target_gamma_0_0_v2_Linear_Transform, 141908, 8863, 18547, 8074, 0.713068667146843, 0.7734473745757943
KBFC_Hard_Tomek_1_alpha_target_gamma_0_5_v1, 119271, 31500, 10682, 15939, 0.6632518706405536, 0.776059026751378
KBFC_Hard_Tomek_1_alpha_target_gamma_0_5_v1_Linear_Transform, 142205, 8566, 18404, 8217, 0.6632518706405536, 0.7760589826521398
KBFC_Hard_Tomek_1_alpha_target_gamma_0_5_v2, 119172, 31599, 10724, 15897, 0.6547311953175813, 0.7740253552595313
KBFC_Hard_Tomek_1_alpha_target_gamma_0_5_v2_Linear_Transform, 141432, 9339, 18180, 8441, 0.6547311953175813, 0.7740253431758417
KBFC_Hard_Tomek_1_alpha_target_gamma_1_0_v1, 118019, 32752, 10361, 16260, 0.6308240314386786, 0.7751457018830503
KBFC_Hard_Tomek_1_alpha_target_gamma_1_0_v1_Linear_Transform, 141938, 8833, 18285, 8336, 0.6308240314386786, 0.7751455652252419
KBFC_Hard_Tomek_1_alpha_target_gamma_1_0_v2, 119119, 31652, 10721, 15900, 0.6303793096356095, 0.7745361949779354
KBFC_Hard_Tomek_1_alpha_target_gamma_1_0_v2_Linear_Transform, 142489, 8282, 18817, 7804, 0.6303793096356095, 0.7745359292613401
KBFC_Hard_Tomek_1_alpha_target_gamma_2_0_v1, 120173, 30598, 10981, 15640, 0.5857554415985943, 0.7730069233454246
KBFC_Hard_Tomek_1_alpha_target_gamma_2_0_v1_Linear_Transform, 142236, 8535, 18472, 8149, 0.5857554415985943, 0.7730070928908002
KBFC_Hard_Tomek_1_alpha_target_gamma_2_0_v2, 118869, 31902, 10727, 15894, 0.5856693716049195, 0.7729695479954495
KBFC_Hard_Tomek_1_alpha_target_gamma_2_0_v2_Linear_Transform, 142415, 8356, 18810, 7811, 0.5856693716049195, 0.7729695168519197
KBFC_Hard_Tomek_1_alpha_target_gamma_5_0_v1, 121268, 29503, 11160, 15461, 0.541670735180378, 0.7744626705856099
KBFC_Hard_Tomek_1_alpha_target_gamma_5_0_v1_Linear_Transform, 143399, 7372, 19041, 7580, 0.541670735180378, 0.7744621584614078
KBFC_Hard_Tomek_1_alpha_target_gamma_5_0_v2, 119864, 30907, 10889, 15732, 0.5447472256273034, 0.7727157223735319
KBFC_Hard_Tomek_1_alpha_target_gamma_5_0_v2_Linear_Transform, 143394, 7377, 19171, 7450, 0.5447472256273034, 0.7727158038450055
KBFC_Hard_Tomek_2_alpha_0_5_gamma_0_0_v1, 135816, 14955, 15655, 10966, 0.5910749916189817, 0.7743097739181031
KBFC_Hard_Tomek_2_alpha_0_5_gamma_0_0_v1_Linear_Transform, 142063, 8708, 18301, 8320, 0.5910749916189817, 0.7743095445771504
KBFC_Hard_Tomek_2_alpha_0_5_gamma_0_0_v2, 138590, 12181, 16886, 9735, 0.5563461619459562, 0.774592603135494
KBFC_Hard_Tomek_2_alpha_0_5_gamma_0_0_v2_Linear_Transform, 142499, 8272, 18612, 8009, 0.5563461619459562, 0.7745923207259668
KBFC_Hard_Tomek_2_alpha_balanced_gamma_0_0_v1, 73635, 77136, 3629, 22992, 0.8843138551139272, 0.7739416601378555
KBFC_Hard_Tomek_2_alpha_balanced_gamma_0_0_v1_Linear_Transform, 141997, 8774, 18447, 8174, 0.8843138551139272, 0.7739412805605157
KBFC_Hard_Tomek_2_alpha_balanced_gamma_0_0_v2, 76526, 74245, 3867, 22754, 0.8731149619091303, 0.773234297148117
KBFC_Hard_Tomek_2_alpha_balanced_gamma_0_0_v2_Linear_Transform, 140976, 9795, 18200, 8421, 0.8731149619091303, 0.7732341907618194
KBFC_Hard_Tomek_2_alpha_target_gamma_0_0_v1, 113242, 37529, 9467, 17154, 0.7465444173682481, 0.7743872022141616
KBFC_Hard_Tomek_2_alpha_target_gamma_0_0_v1_Linear_Transform, 141789, 8982, 18231, 8390, 0.7465444173682481, 0.7743873198121298
KBFC_Hard_Tomek_2_alpha_target_gamma_0_0_v2, 118776, 31995, 10572, 16049, 0.7199517290173099, 0.7740252015350688
KBFC_Hard_Tomek_2_alpha_target_gamma_0_0_v2_Linear_Transform, 142035, 8736, 18549, 8072, 0.7199517290173099, 0.7740249934962904
KBFC_Hard_Tomek_2_alpha_target_gamma_0_5_v1, 114975, 35796, 9817, 16804, 0.6850171920955181, 0.7750807571594308
KBFC_Hard_Tomek_2_alpha_target_gamma_0_5_v1_Linear_Transform, 142175, 8596, 18324, 8297, 0.6850171920955181, 0.7750805372861111
KBFC_Hard_Tomek_2_alpha_target_gamma_0_5_v2, 118432, 32339, 10531, 16090, 0.668578763470985, 0.7727724312530133
KBFC_Hard_Tomek_2_alpha_target_gamma_0_5_v2_Linear_Transform, 141940, 8831, 18546, 8075, 0.668578763470985, 0.7727723349572195
KBFC_Hard_Tomek_2_alpha_target_gamma_1_0_v1, 116350, 34421, 10059, 16562, 0.6399715081602336, 0.7750424691794617
KBFC_Hard_Tomek_2_alpha_target_gamma_1_0_v1_Linear_Transform, 142016, 8755, 18296, 8325, 0.6399715081602336, 0.7750423964281763
KBFC_Hard_Tomek_2_alpha_target_gamma_1_0_v2, 118209, 32562, 10470, 16151, 0.6319614403694868, 0.7741115549438643
KBFC_Hard_Tomek_2_alpha_target_gamma_1_0_v2_Linear_Transform, 141986, 8785, 18562, 8059, 0.6319614403694868, 0.7741115053633653
KBFC_Hard_Tomek_2_alpha_target_gamma_2_0_v1, 114847, 35924, 9687, 16934, 0.6012126353122295, 0.7746158333434344
KBFC_Hard_Tomek_2_alpha_target_gamma_2_0_v1_Linear_Transform, 143062, 7709, 18840, 7781, 0.6012126353122295, 0.7746156481017199
KBFC_Hard_Tomek_2_alpha_target_gamma_2_0_v2, 117927, 32844, 10387, 16234, 0.589057712182403, 0.7742357666764936
KBFC_Hard_Tomek_2_alpha_target_gamma_2_0_v2_Linear_Transform, 142039, 8732, 18544, 8077, 0.589057712182403, 0.7742356529403231
KBFC_Hard_Tomek_2_alpha_target_gamma_5_0_v1, 113833, 36938, 9562, 17059, 0.5517540838569402, 0.7730792107167509
KBFC_Hard_Tomek_2_alpha_target_gamma_5_0_v1_Linear_Transform, 143466, 7305, 19049, 7572, 0.5517540838569402, 0.7730791527897857
KBFC_Hard_Tomek_2_alpha_target_gamma_5_0_v2, 116481, 34290, 10064, 16557, 0.5459406797587871, 0.7736734932942404
KBFC_Hard_Tomek_2_alpha_target_gamma_5_0_v2_Linear_Transform, 142718, 8053, 18990, 7631, 0.5459406797587871, 0.7736732622092501
KBFC_Medium_Tomek_0_alpha_0_5_gamma_0_0_v1, 141846, 8925, 20551, 6070, 0.5372461466630922, 0.7133077644755299
KBFC_Medium_Tomek_0_alpha_0_5_gamma_0_0_v1_Linear_Transform, 144186, 6585, 21689, 4932, 0.5372461466630922, 0.7133074085672727
KBFC_Medium_Tomek_0_alpha_0_5_gamma_0_0_v2, 142184, 8587, 20522, 6099, 0.5263557619564235, 0.7151378715177027
KBFC_Medium_Tomek_0_alpha_0_5_gamma_0_0_v2_Linear_Transform, 143768, 7003, 21314, 5307, 0.5263557619564235, 0.7151377957766385
KBFC_Medium_Tomek_0_alpha_balanced_gamma_0_0_v1, 50602, 100169, 2983, 23638, 0.8665707973614336, 0.7117178700938753
KBFC_Medium_Tomek_0_alpha_balanced_gamma_0_0_v1_Linear_Transform, 144164, 6607, 21813, 4808, 0.8665707973614336, 0.7117178989950709
KBFC_Medium_Tomek_0_alpha_balanced_gamma_0_0_v2, 54784, 95987, 3393, 23228, 0.8627516191974284, 0.7151719070355543
KBFC_Medium_Tomek_0_alpha_balanced_gamma_0_0_v2_Linear_Transform, 143630, 7141, 21358, 5263, 0.8627516191974284, 0.7151718529703868
KBFC_Medium_Tomek_0_alpha_target_gamma_0_0_v1, 121326, 29445, 13915, 12706, 0.6890187509823591, 0.712952546358906
KBFC_Medium_Tomek_0_alpha_target_gamma_0_0_v1_Linear_Transform, 144039, 6732, 21661, 4960, 0.6890187509823591, 0.7129523612417656
KBFC_Medium_Tomek_0_alpha_target_gamma_0_0_v2, 120952, 29819, 13619, 13002, 0.6865717235952616, 0.7162337076850629
KBFC_Medium_Tomek_0_alpha_target_gamma_0_0_v2_Linear_Transform, 143580, 7191, 21172, 5449, 0.6865717235952616, 0.7162337705949927
KBFC_Medium_Tomek_0_alpha_target_gamma_0_5_v1, 119176, 31595, 13486, 13135, 0.6527622750028969, 0.712471355031614
KBFC_Medium_Tomek_0_alpha_target_gamma_0_5_v1_Linear_Transform, 144350, 6421, 21854, 4767, 0.6527622750028969, 0.7124709865413708
KBFC_Medium_Tomek_0_alpha_target_gamma_0_5_v2, 121218, 29553, 13725, 12896, 0.6398394765332341, 0.7158243499055825
KBFC_Medium_Tomek_0_alpha_target_gamma_0_5_v2_Linear_Transform, 143909, 6862, 21337, 5284, 0.6398394765332341, 0.7158242186044614
KBFC_Medium_Tomek_0_alpha_target_gamma_1_0_v1, 119434, 31337, 13536, 13085, 0.6189302297309043, 0.711649422595185
KBFC_Medium_Tomek_0_alpha_target_gamma_1_0_v1_Linear_Transform, 144428, 6343, 21774, 4847, 0.6189302297309043, 0.7116492090751454
KBFC_Medium_Tomek_0_alpha_target_gamma_1_0_v2, 120352, 30419, 13455, 13166, 0.6179464235305787, 0.7158008195985902
KBFC_Medium_Tomek_0_alpha_target_gamma_1_0_v2_Linear_Transform, 144119, 6652, 21486, 5135, 0.6179464235305787, 0.7158007595538649
KBFC_Medium_Tomek_0_alpha_target_gamma_2_0_v1, 120588, 30183, 13781, 12840, 0.5740628687664868, 0.7132964105411999
KBFC_Medium_Tomek_0_alpha_target_gamma_2_0_v1_Linear_Transform, 144207, 6564, 21750, 4871, 0.5740628687664868, 0.7132964495328988
KBFC_Medium_Tomek_0_alpha_target_gamma_2_0_v2, 121133, 29638, 13658, 12963, 0.5779463336467744, 0.7151858467548673
KBFC_Medium_Tomek_0_alpha_target_gamma_2_0_v2_Linear_Transform, 144259, 6512, 21585, 5036, 0.5779463336467744, 0.7151860460734574
KBFC_Medium_Tomek_0_alpha_target_gamma_5_0_v1, 120790, 29981, 13868, 12753, 0.5382408113479615, 0.7096439621582684
KBFC_Medium_Tomek_0_alpha_target_gamma_5_0_v1_Linear_Transform, 144967, 5804, 22223, 4398, 0.5382408113479615, 0.7096438235072743
KBFC_Medium_Tomek_0_alpha_target_gamma_5_0_v2, 120799, 29972, 13659, 12962, 0.5378295119553804, 0.7139038604784659
KBFC_Medium_Tomek_0_alpha_target_gamma_5_0_v2_Linear_Transform, 144263, 6508, 21622, 4999, 0.5378295119553804, 0.7139038613504847
KBFC_Medium_Tomek_1_alpha_0_5_gamma_0_0_v1, 141306, 9465, 20343, 6278, 0.5490133710857483, 0.7117000141379916
KBFC_Medium_Tomek_1_alpha_0_5_gamma_0_0_v1_Linear_Transform, 144304, 6467, 21740, 4881, 0.5490133710857483, 0.7116995292955213
KBFC_Medium_Tomek_1_alpha_0_5_gamma_0_0_v2, 140599, 10172, 19658, 6963, 0.5491212819311769, 0.7160691612196939
KBFC_Medium_Tomek_1_alpha_0_5_gamma_0_0_v2_Linear_Transform, 143736, 7035, 21124, 5497, 0.5491212819311769, 0.7160692845480714
KBFC_Medium_Tomek_1_alpha_balanced_gamma_0_0_v1, 48767, 102004, 2839, 23782, 0.8778316466510296, 0.7125052470400808
KBFC_Medium_Tomek_1_alpha_balanced_gamma_0_0_v1_Linear_Transform, 144426, 6345, 21886, 4735, 0.8778316466510296, 0.71250494183349
KBFC_Medium_Tomek_1_alpha_balanced_gamma_0_0_v2, 55287, 95484, 3432, 23189, 0.8844430311024191, 0.7157948081499161
KBFC_Medium_Tomek_1_alpha_balanced_gamma_0_0_v2_Linear_Transform, 144283, 6488, 21548, 5073, 0.8844430311024191, 0.7157947269275908
KBFC_Medium_Tomek_1_alpha_target_gamma_0_0_v1, 118377, 32394, 13250, 13371, 0.7060939313769341, 0.712433773262324
KBFC_Medium_Tomek_1_alpha_target_gamma_0_0_v1_Linear_Transform, 143875, 6896, 21494, 5127, 0.7060939313769341, 0.7124336910434057
KBFC_Medium_Tomek_1_alpha_target_gamma_0_0_v2, 118883, 31888, 13109, 13512, 0.7155593133568766, 0.7168587417574859
KBFC_Medium_Tomek_1_alpha_target_gamma_0_0_v2_Linear_Transform, 143815, 6956, 21231, 5390, 0.7155593133568766, 0.7168582905500278
KBFC_Medium_Tomek_1_alpha_target_gamma_0_5_v1, 119121, 31650, 13482, 13139, 0.6569533095695078, 0.7121618292068546
KBFC_Medium_Tomek_1_alpha_target_gamma_0_5_v1_Linear_Transform, 144123, 6648, 21716, 4905, 0.6569533095695078, 0.7121612564150568
KBFC_Medium_Tomek_1_alpha_target_gamma_0_5_v2, 118255, 32516, 13049, 13572, 0.6676405678093436, 0.7155796933125267
KBFC_Medium_Tomek_1_alpha_target_gamma_0_5_v2_Linear_Transform, 143724, 7047, 21169, 5452, 0.6676405678093436, 0.7155796791110773
KBFC_Medium_Tomek_1_alpha_target_gamma_1_0_v1, 118753, 32018, 13283, 13338, 0.6274969866871836, 0.7133633465821073
KBFC_Medium_Tomek_1_alpha_target_gamma_1_0_v1_Linear_Transform, 144641, 6130, 21987, 4634, 0.6274969866871836, 0.7133630295409751
KBFC_Medium_Tomek_1_alpha_target_gamma_1_0_v2, 117736, 33035, 12900, 13721, 0.6319413788542153, 0.7165266490819684
KBFC_Medium_Tomek_1_alpha_target_gamma_1_0_v2_Linear_Transform, 143755, 7016, 21149, 5472, 0.6319413788542153, 0.7165265429448192
KBFC_Medium_Tomek_1_alpha_target_gamma_2_0_v1, 118420, 32351, 13220, 13401, 0.5830035312101253, 0.7126531340839766
KBFC_Medium_Tomek_1_alpha_target_gamma_2_0_v1_Linear_Transform, 144443, 6328, 21815, 4806, 0.5830035312101253, 0.7126529520811892
KBFC_Medium_Tomek_1_alpha_target_gamma_2_0_v2, 116930, 33841, 12751, 13870, 0.5962350062727928, 0.7164744024474203
KBFC_Medium_Tomek_1_alpha_target_gamma_2_0_v2_Linear_Transform, 144364, 6407, 21585, 5036, 0.5962350062727928, 0.7164740624846504
KBFC_Medium_Tomek_1_alpha_target_gamma_5_0_v1, 118626, 32145, 13433, 13188, 0.5424374751150609, 0.7099856948773906
KBFC_Medium_Tomek_1_alpha_target_gamma_5_0_v1_Linear_Transform, 145322, 5449, 22322, 4299, 0.5424374751150609, 0.709985331245538
KBFC_Medium_Tomek_1_alpha_target_gamma_5_0_v2, 116853, 33918, 12759, 13862, 0.5457421660423281, 0.7140302667087708
KBFC_Medium_Tomek_1_alpha_target_gamma_5_0_v2_Linear_Transform, 143824, 6947, 21384, 5237, 0.5457421660423281, 0.714029726555392
KBFC_Medium_Tomek_2_alpha_0_5_gamma_0_0_v1, 142311, 8460, 20708, 5913, 0.5298206892823801, 0.7129967634440564
KBFC_Medium_Tomek_2_alpha_0_5_gamma_0_0_v1_Linear_Transform, 144038, 6733, 21481, 5140, 0.5298206892823801, 0.7129963565849847
KBFC_Medium_Tomek_2_alpha_0_5_gamma_0_0_v2, 142148, 8623, 20419, 6202, 0.5235376909896733, 0.714701996766733
KBFC_Medium_Tomek_2_alpha_0_5_gamma_0_0_v2_Linear_Transform, 143528, 7243, 21065, 5556, 0.5235376909896733, 0.7147020588046441
KBFC_Medium_Tomek_2_alpha_balanced_gamma_0_0_v1, 51492, 99279, 3113, 23508, 0.8721252952180805, 0.7118257636135423
KBFC_Medium_Tomek_2_alpha_balanced_gamma_0_0_v1_Linear_Transform, 144216, 6555, 21743, 4878, 0.8721252952180805, 0.7118252975817642
KBFC_Medium_Tomek_2_alpha_balanced_gamma_0_0_v2, 58129, 92642, 3732, 22889, 0.8707887678854168, 0.7157081921388783
KBFC_Medium_Tomek_2_alpha_balanced_gamma_0_0_v2_Linear_Transform, 144267, 6504, 21590, 5031, 0.8707887678854168, 0.7157081272357624
KBFC_Medium_Tomek_2_alpha_target_gamma_0_0_v1, 120004, 30767, 13652, 12969, 0.712785559743643, 0.7120858489603523
KBFC_Medium_Tomek_2_alpha_target_gamma_0_0_v1_Linear_Transform, 144408, 6363, 21771, 4850, 0.712785559743643, 0.7120857501730763
KBFC_Medium_Tomek_2_alpha_target_gamma_0_0_v2, 121769, 29002, 13865, 12756, 0.6837594039589169, 0.7156683234379166
KBFC_Medium_Tomek_2_alpha_target_gamma_0_0_v2_Linear_Transform, 143437, 7334, 21098, 5523, 0.6837594039589169, 0.7156684243429527
KBFC_Medium_Tomek_2_alpha_target_gamma_0_5_v1, 120632, 30139, 13726, 12895, 0.6574990750774742, 0.7127484687884369
KBFC_Medium_Tomek_2_alpha_target_gamma_0_5_v1_Linear_Transform, 144295, 6476, 21696, 4925, 0.6574990750774742, 0.7127483337500923
KBFC_Medium_Tomek_2_alpha_target_gamma_0_5_v2, 122842, 27929, 14089, 12532, 0.6392116453498602, 0.7155555147218204
KBFC_Medium_Tomek_2_alpha_target_gamma_0_5_v2_Linear_Transform, 143855, 6916, 21229, 5392, 0.6392116453498602, 0.7155553932620546
KBFC_Medium_Tomek_2_alpha_target_gamma_1_0_v1, 120866, 29905, 13869, 12752, 0.6220042575448752, 0.7118893841142796
KBFC_Medium_Tomek_2_alpha_target_gamma_1_0_v1_Linear_Transform, 144281, 6490, 21707, 4914, 0.6220042575448752, 0.7118896448479103
KBFC_Medium_Tomek_2_alpha_target_gamma_1_0_v2, 120929, 29842, 13724, 12897, 0.6121816488057386, 0.7149195548763133
KBFC_Medium_Tomek_2_alpha_target_gamma_1_0_v2_Linear_Transform, 143612, 7159, 21285, 5336, 0.6121816488057386, 0.7149198922230269
KBFC_Medium_Tomek_2_alpha_target_gamma_2_0_v1, 120850, 29921, 13832, 12789, 0.5816834055334332, 0.7108194616059516
KBFC_Medium_Tomek_2_alpha_target_gamma_2_0_v1_Linear_Transform, 144157, 6614, 21641, 4980, 0.5816834055334332, 0.7108193214600679
KBFC_Medium_Tomek_2_alpha_target_gamma_2_0_v2, 120484, 30287, 13545, 13076, 0.5768313587158919, 0.7144395177282313
KBFC_Medium_Tomek_2_alpha_target_gamma_2_0_v2_Linear_Transform, 143982, 6789, 21390, 5231, 0.5768313587158919, 0.714439478487384
KBFC_Medium_Tomek_2_alpha_target_gamma_5_0_v1, 122520, 28251, 14149, 12472, 0.5398230955004694, 0.7112090157132016
KBFC_Medium_Tomek_2_alpha_target_gamma_5_0_v1_Linear_Transform, 144685, 6086, 21957, 4664, 0.5398230955004694, 0.7112089414670268
KBFC_Medium_Tomek_2_alpha_target_gamma_5_0_v2, 119988, 30783, 13456, 13165, 0.5372511043995618, 0.7134837135837097
KBFC_Medium_Tomek_2_alpha_target_gamma_5_0_v2_Linear_Transform, 143925, 6846, 21411, 5210, 0.5372511043995618, 0.7134838533558708
LRC_Easy_Tomek_0_alpha_0_5_v1, 150771, 0, 26621, 0, 0.3689991995667755, 0.659492086263548
LRC_Easy_Tomek_0_alpha_0_5_v1_Linear_Transform, 149910, 861, 26140, 481, 0.3689991995667755, 0.6594919872271237
LRC_Easy_Tomek_0_alpha_0_5_v2, 150771, 0, 26621, 0, 0.38152419983005775, 0.6575665973033241
LRC_Easy_Tomek_0_alpha_0_5_v2_Linear_Transform, 150214, 557, 26282, 339, 0.38152419983005775, 0.6575657437214625
LRC_Easy_Tomek_0_alpha_balanced_v1, 91898, 58873, 10136, 16485, 0.7893893031742046, 0.6595265678813189
LRC_Easy_Tomek_0_alpha_balanced_v1_Linear_Transform, 150405, 366, 26408, 213, 0.7893893031742046, 0.6595264633636333
LRC_Easy_Tomek_0_alpha_balanced_v2, 91483, 59288, 10146, 16475, 0.7914524045123394, 0.6576056968836765
LRC_Easy_Tomek_0_alpha_balanced_v2_Linear_Transform, 150448, 323, 26418, 203, 0.7914524045123394, 0.6576054378940837
LRC_Easy_Tomek_0_alpha_target_v1, 148628, 2143, 25545, 1076, 0.5402868319654435, 0.6595239331387075
LRC_Easy_Tomek_0_alpha_target_v1_Linear_Transform, 149849, 922, 26117, 504, 0.5402868319654435, 0.6595236310464695
LRC_Easy_Tomek_0_alpha_target_v2, 148638, 2133, 25561, 1060, 0.561965101271109, 0.657596156499367
LRC_Easy_Tomek_0_alpha_target_v2_Linear_Transform, 150347, 424, 26351, 270, 0.561965101271109, 0.6575950978685059
LRC_Hard_Tomek_0_alpha_0_5_v1, 148766, 2005, 24088, 2533, 0.3209273369188562, 0.7548125889006536
LRC_Hard_Tomek_0_alpha_0_5_v1_Linear_Transform, 141047, 9724, 18950, 7671, 0.3209273369188562, 0.7548094158732752
LRC_Hard_Tomek_0_alpha_0_5_v2, 148653, 2118, 24133, 2488, 0.32591008272627014, 0.7522871027743913
LRC_Hard_Tomek_0_alpha_0_5_v2_Linear_Transform, 141300, 9471, 19269, 7352, 0.32591008272627014, 0.7522848078699758
LRC_Hard_Tomek_0_alpha_balanced_v1, 104972, 45799, 8536, 18085, 0.7343242665991607, 0.7554327719323187
LRC_Hard_Tomek_0_alpha_balanced_v1_Linear_Transform, 140835, 9936, 18957, 7664, 0.7343242665991607, 0.7554327036657016
LRC_Hard_Tomek_0_alpha_balanced_v2, 104761, 46010, 8640, 17981, 0.7370033047705082, 0.7529443767533182
LRC_Hard_Tomek_0_alpha_balanced_v2_Linear_Transform, 140854, 9917, 19141, 7480, 0.7370033047705082, 0.7529444019172902
LRC_Hard_Tomek_0_alpha_target_v1, 141739, 9032, 19362, 7259, 0.4881828109970018, 0.7551526039918266
LRC_Hard_Tomek_0_alpha_target_v1_Linear_Transform, 140935, 9836, 18938, 7683, 0.4881828109970018, 0.7551525434488049
LRC_Hard_Tomek_0_alpha_target_v2, 141583, 9188, 19435, 7186, 0.4923789968457253, 0.7526535808964598
LRC_Hard_Tomek_0_alpha_target_v2_Linear_Transform, 141080, 9691, 19162, 7459, 0.4923789968457253, 0.7526536307261072
LRC_Hard_Tomek_1_alpha_0_5_v1, 147988, 2783, 23462, 3159, 0.34289812557082805, 0.7548027988698099
LRC_Hard_Tomek_1_alpha_0_5_v1_Linear_Transform, 140992, 9779, 18913, 7708, 0.34289812557082805, 0.7547999180933141
LRC_Hard_Tomek_1_alpha_0_5_v2, 147909, 2862, 23481, 3140, 0.35443340389705225, 0.7523447312600171
LRC_Hard_Tomek_1_alpha_0_5_v2_Linear_Transform, 141694, 9077, 19459, 7162, 0.35443340389705225, 0.7523423563790173
LRC_Hard_Tomek_1_alpha_balanced_v1, 104312, 46459, 8399, 18222, 0.7468176062173533, 0.755471873256709
LRC_Hard_Tomek_1_alpha_balanced_v1_Linear_Transform, 140949, 9822, 19017, 7604, 0.7468176062173533, 0.7554718005054236
LRC_Hard_Tomek_1_alpha_balanced_v2, 104098, 46673, 8501, 18120, 0.7490536946060915, 0.7530377550212437
LRC_Hard_Tomek_1_alpha_balanced_v2_Linear_Transform, 140974, 9797, 19171, 7450, 0.7490536946060915, 0.7530377789394745
LRC_Hard_Tomek_1_alpha_target_v1, 139994, 10777, 18467, 8154, 0.516360022422178, 0.7551796109133249
LRC_Hard_Tomek_1_alpha_target_v1_Linear_Transform, 141112, 9659, 19018, 7603, 0.516360022422178, 0.7551795486262655
LRC_Hard_Tomek_1_alpha_target_v2, 139874, 10897, 18556, 8065, 0.5197992660649062, 0.7527423374645802
LRC_Hard_Tomek_1_alpha_target_v2_Linear_Transform, 141212, 9559, 19241, 7380, 0.5197992660649062, 0.7527423828095594
LRC_Hard_Tomek_2_alpha_0_5_v1, 147823, 2948, 23356, 3265, 0.35348576396885495, 0.7548005587780069
LRC_Hard_Tomek_2_alpha_0_5_v1_Linear_Transform, 141401, 9370, 19131, 7490, 0.35348576396885495, 0.7547978167770792
LRC_Hard_Tomek_2_alpha_0_5_v2, 147749, 3022, 23357, 3264, 0.35673343211077674, 0.752367178270473
LRC_Hard_Tomek_2_alpha_0_5_v2_Linear_Transform, 141527, 9244, 19379, 7242, 0.35673343211077674, 0.7523649182468107
LRC_Hard_Tomek_2_alpha_balanced_v1, 104186, 46585, 8374, 18247, 0.7473985692657061, 0.7554736130588513
LRC_Hard_Tomek_2_alpha_balanced_v1_Linear_Transform, 140838, 9933, 18935, 7686, 0.7473985692657061, 0.7554735313382295
LRC_Hard_Tomek_2_alpha_balanced_v2, 103944, 46827, 8462, 18159, 0.7495485271000323, 0.7530481948306907
LRC_Hard_Tomek_2_alpha_balanced_v2_Linear_Transform, 140826, 9945, 19114, 7507, 0.7495485271000323, 0.753048214015105
LRC_Hard_Tomek_2_alpha_target_v1, 139654, 11117, 18273, 8348, 0.5180615293363998, 0.7551798590649693
LRC_Hard_Tomek_2_alpha_target_v1_Linear_Transform, 140887, 9884, 18895, 7726, 0.5180615293363998, 0.7551797850679427
LRC_Hard_Tomek_2_alpha_target_v2, 139501, 11270, 18363, 8258, 0.5214968625805197, 0.7527608803221547
LRC_Hard_Tomek_2_alpha_target_v2_Linear_Transform, 140977, 9794, 19113, 7508, 0.5214968625805197, 0.7527609201858727
LRC_Medium_Tomek_0_alpha_0_5_v1, 149638, 1133, 25489, 1132, 0.32658009630617046, 0.7011578032705639
LRC_Medium_Tomek_0_alpha_0_5_v1_Linear_Transform, 144099, 6672, 21929, 4692, 0.32658009630617046, 0.7011576769524075
LRC_Medium_Tomek_0_alpha_0_5_v2, 149718, 1053, 25504, 1117, 0.3260199016979341, 0.7051685472491486
LRC_Medium_Tomek_0_alpha_0_5_v2_Linear_Transform, 144232, 6539, 21782, 4839, 0.3260199016979341, 0.7051683947704273
LRC_Medium_Tomek_0_alpha_balanced_v1, 100142, 50629, 10001, 16620, 0.7456389188067308, 0.7015747373987979
LRC_Medium_Tomek_0_alpha_balanced_v1_Linear_Transform, 144649, 6122, 22223, 4398, 0.7456389188067308, 0.7015748070357303
LRC_Medium_Tomek_0_alpha_balanced_v2, 100061, 50710, 9781, 16840, 0.7377245347303368, 0.7054509007179799
LRC_Medium_Tomek_0_alpha_balanced_v2_Linear_Transform, 144285, 6486, 21836, 4785, 0.7377245347303368, 0.7054506450918883
LRC_Medium_Tomek_0_alpha_target_v1, 144390, 6381, 22100, 4521, 0.4993616316513154, 0.7013456979155639
LRC_Medium_Tomek_0_alpha_target_v1_Linear_Transform, 144359, 6412, 22083, 4538, 0.4993616316513154, 0.7013458476536547
LRC_Medium_Tomek_0_alpha_target_v2, 144535, 6236, 21944, 4677, 0.4919685983011977, 0.7053089627111246
LRC_Medium_Tomek_0_alpha_target_v2_Linear_Transform, 144134, 6637, 21736, 4885, 0.4919685983011977, 0.7053086061799968
LRC_Medium_Tomek_1_alpha_0_5_v1, 149307, 1464, 25166, 1455, 0.33932356241483713, 0.7011610068186015
LRC_Medium_Tomek_1_alpha_0_5_v1_Linear_Transform, 144061, 6710, 21926, 4695, 0.33932356241483713, 0.7011609511339704
LRC_Medium_Tomek_1_alpha_0_5_v2, 149394, 1377, 25177, 1444, 0.3392034247184588, 0.7051601175676817
LRC_Medium_Tomek_1_alpha_0_5_v2_Linear_Transform, 144227, 6544, 21753, 4868, 0.3392034247184588, 0.7051599748057416
LRC_Medium_Tomek_1_alpha_balanced_v1, 99910, 50861, 9964, 16657, 0.7499731056079032, 0.7016004210940069
LRC_Medium_Tomek_1_alpha_balanced_v1_Linear_Transform, 144470, 6301, 22150, 4471, 0.7499731056079032, 0.7016005091679088
LRC_Medium_Tomek_1_alpha_balanced_v2, 99860, 50911, 9733, 16888, 0.7420590737586269, 0.7054590421349362
LRC_Medium_Tomek_1_alpha_balanced_v2_Linear_Transform, 144094, 6677, 21745, 4876, 0.7420590737586269, 0.7054587992154047
LRC_Medium_Tomek_1_alpha_target_v1, 143629, 7142, 21709, 4912, 0.5105565429658989, 0.7013626773679481
LRC_Medium_Tomek_1_alpha_target_v1_Linear_Transform, 144163, 6608, 21988, 4633, 0.5105565429658989, 0.7013627346720428
LRC_Medium_Tomek_1_alpha_target_v2, 143809, 6962, 21566, 5055, 0.5100141072382939, 0.7053089387928938
LRC_Medium_Tomek_1_alpha_target_v2_Linear_Transform, 144284, 6487, 21807, 4814, 0.5100141072382939, 0.7053086056817003
LRC_Medium_Tomek_2_alpha_0_5_v1, 149239, 1532, 25099, 1522, 0.3417235371198625, 0.7011558354977843
LRC_Medium_Tomek_2_alpha_0_5_v1_Linear_Transform, 144048, 6723, 21921, 4700, 0.3417235371198625, 0.7011557860418592
LRC_Medium_Tomek_2_alpha_0_5_v2, 149304, 1467, 25111, 1510, 0.34154404786884585, 0.7051475066804933
LRC_Medium_Tomek_2_alpha_0_5_v2_Linear_Transform, 144199, 6572, 21740, 4881, 0.34154404786884585, 0.705147271484557
LRC_Medium_Tomek_2_alpha_balanced_v1, 99845, 50926, 9949, 16672, 0.7508329112993094, 0.7015984707616039
LRC_Medium_Tomek_2_alpha_balanced_v1_Linear_Transform, 144438, 6333, 22129, 4492, 0.7508329112993094, 0.7015985583372093
LRC_Medium_Tomek_2_alpha_balanced_v2, 99808, 50963, 9726, 16895, 0.7428508846397108, 0.7054542470279576
LRC_Medium_Tomek_2_alpha_balanced_v2_Linear_Transform, 144049, 6722, 21718, 4903, 0.7428508846397108, 0.7054539014593522
LRC_Medium_Tomek_2_alpha_target_v1, 143488, 7283, 21621, 5000, 0.5127626110105846, 0.7013589398952378
LRC_Medium_Tomek_2_alpha_target_v1_Linear_Transform, 144112, 6659, 21966, 4655, 0.5127626110105846, 0.7013589971993324
LRC_Medium_Tomek_2_alpha_target_v2, 143634, 7137, 21473, 5148, 0.5121177624941946, 0.705300023521512
LRC_Medium_Tomek_2_alpha_target_v2_Linear_Transform, 144243, 6528, 21782, 4839, 0.5121177624941946, 0.7052997013728409
RUSBoost_Easy_Tomek_0_v1, 31772, 118999, 1969, 24652, 0.5004956560755713, 0.6594861126854061
RUSBoost_Easy_Tomek_0_v1_Linear_Transform, 150178, 593, 26285, 336, 0.5004956560755713, 0.6594859773979131
RUSBoost_Easy_Tomek_0_v2, 32201, 118570, 2110, 24511, 0.5005076357952251, 0.6573413346582219
RUSBoost_Easy_Tomek_0_v2_Linear_Transform, 150465, 306, 26426, 195, 0.5005076357952251, 0.6573410262127038
RUSBoost_Hard_Tomek_0_v1, 62529, 88242, 3014, 23607, 0.5004374415903886, 0.7547018235738273
RUSBoost_Hard_Tomek_0_v1_Linear_Transform, 141804, 8967, 19540, 7081, 0.5004374415903886, 0.7547015378007988
RUSBoost_Hard_Tomek_0_v2, 63306, 87465, 3129, 23492, 0.5004549929621352, 0.752076561302049
RUSBoost_Hard_Tomek_0_v2_Linear_Transform, 142526, 8245, 20024, 6597, 0.5004549929621352, 0.7520765545750465
RUSBoost_Hard_Tomek_1_v1, 63230, 87541, 3067, 23554, 0.5004537837672718, 0.7549832835970791
RUSBoost_Hard_Tomek_1_v1_Linear_Transform, 142025, 8746, 19603, 7018, 0.5004537837672718, 0.7549831929071207
RUSBoost_Hard_Tomek_1_v2, 63202, 87569, 3107, 23514, 0.5004589287003549, 0.7523185009335751
RUSBoost_Hard_Tomek_1_v2_Linear_Transform, 142288, 8483, 19882, 6739, 0.5004589287003549, 0.7523185557461873
RUSBoost_Hard_Tomek_2_v1, 63636, 87135, 3081, 23540, 0.5004560079928091, 0.7550740445627699
RUSBoost_Hard_Tomek_2_v1_Linear_Transform, 141931, 8840, 19569, 7052, 0.5004560079928091, 0.7550739279613947
RUSBoost_Hard_Tomek_2_v2, 63537, 87234, 3117, 23504, 0.5004650092730359, 0.7525344770764213
RUSBoost_Hard_Tomek_2_v2_Linear_Transform, 142423, 8348, 19947, 6674, 0.5004650092730359, 0.7525344544039317
RUSBoost_Medium_Tomek_0_v1, 43143, 107628, 2576, 24045, 0.5004422503063044, 0.7013551984361556
RUSBoost_Medium_Tomek_0_v1_Linear_Transform, 144674, 6097, 22248, 4373, 0.5004422503063044, 0.7013553575173052
RUSBoost_Medium_Tomek_0_v2, 42600, 108171, 2459, 24162, 0.5004295971551347, 0.7051113834249856
RUSBoost_Medium_Tomek_0_v2_Linear_Transform, 144300, 6471, 21833, 4788, 0.5004295971551347, 0.7051111504713835
RUSBoost_Medium_Tomek_1_v1, 43698, 107073, 2611, 24010, 0.5004522873397683, 0.7011769630191745
RUSBoost_Medium_Tomek_1_v1_Linear_Transform, 144766, 6005, 22290, 4331, 0.5004522873397683, 0.7011772217596192
RUSBoost_Medium_Tomek_1_v2, 43972, 106799, 2579, 24042, 0.5004498028014419, 0.7051262361480148
RUSBoost_Medium_Tomek_1_v2_Linear_Transform, 144769, 6002, 22084, 4537, 0.5004498028014419, 0.7051259629569725
RUSBoost_Medium_Tomek_2_v1, 43754, 107017, 2634, 23987, 0.5004521529301252, 0.7009906674075628
RUSBoost_Medium_Tomek_2_v1_Linear_Transform, 144623, 6148, 22210, 4411, 0.5004521529301252, 0.7009908474171644
RUSBoost_Medium_Tomek_2_v2, 44113, 106658, 2622, 23999, 0.5004485081225306, 0.7050940314959863
RUSBoost_Medium_Tomek_2_v2_Linear_Transform, 144423, 6348, 21885, 4736, 0.5004485081225306, 0.7050937686445957
